file_number	phrase	trc	readID	telo_length	pattern_forward	pattern_reverse
terminal_reads	9	0.715	ERR10499359.1542890	2740	CATAACCCAGA	TCTGGGTTATG
terminal_reads	8	0.73	ERR10499359.13481	4000	TTTTCTGGGT	ACCCAGAAAA
terminal_reads	8	0.77	ERR10499359.42716	1150	TTTTCTGGGT	ACCCAGAAAA
terminal_reads	8	0.76	ERR10499359.55200	10700	TTTTCTGGGT	ACCCAGAAAA
terminal_reads	8	0.82	ERR10499359.56966	8400	TTTTCTGGGT	ACCCAGAAAA
terminal_reads	8	0.75	ERR10499359.65044	3050	TTTTCTGGGT	ACCCAGAAAA
terminal_reads	8	0.77	ERR10499359.73232	1150	TTTTCTGGGT	ACCCAGAAAA
terminal_reads	8	0.82	ERR10499359.88966	11300	TTTTCTGGGT	ACCCAGAAAA
terminal_reads	8	0.86	ERR10499359.101250	1600	TTTTCTGGGT	ACCCAGAAAA
terminal_reads	8	0.78	ERR10499359.102330	900	TTTTCTGGGT	ACCCAGAAAA
terminal_reads	8	0.86	ERR10499359.103657	6450	TTTTCTGGGT	ACCCAGAAAA
terminal_reads	8	0.74	ERR10499359.129235	4700	TTTTCTGGGT	ACCCAGAAAA
terminal_reads	8	0.74	ERR10499359.130607	1850	TTTTCTGGGT	ACCCAGAAAA
terminal_reads	8	0.78	ERR10499359.138773	3550	TTTTCTGGGT	ACCCAGAAAA
terminal_reads	8	0.74	ERR10499359.169015	9150	TTTTCTGGGT	ACCCAGAAAA
terminal_reads	8	0.84	ERR10499359.173824	1050	TTTTCTGGGT	ACCCAGAAAA
terminal_reads	8	0.74	ERR10499359.176874	7450	TTTTCTGGGT	ACCCAGAAAA
terminal_reads	8	0.84	ERR10499359.181751	5150	TTTTCTGGGT	ACCCAGAAAA
terminal_reads	8	0.83	ERR10499359.193210	5600	TTTTCTGGGT	ACCCAGAAAA
terminal_reads	8	0.86	ERR10499359.202224	12700	TTTTCTGGGT	ACCCAGAAAA
terminal_reads	8	0.79	ERR10499359.207457	5750	TTTTCTGGGT	ACCCAGAAAA
terminal_reads	8	0.72	ERR10499359.209769	5750	TTTTCTGGGT	ACCCAGAAAA
terminal_reads	8	0.82	ERR10499359.253701	7550	TTTTCTGGGT	ACCCAGAAAA
terminal_reads	8	0.74	ERR10499359.279703	3000	TTTTCTGGGT	ACCCAGAAAA
terminal_reads	8	0.76	ERR10499359.284874	7500	TTTTCTGGGT	ACCCAGAAAA
terminal_reads	8	0.76	ERR10499359.300628	1100	TTTTCTGGGT	ACCCAGAAAA
terminal_reads	8	0.87	ERR10499359.334632	3500	TTTTCTGGGT	ACCCAGAAAA
terminal_reads	8	0.89	ERR10499359.339374	7850	TTTTCTGGGT	ACCCAGAAAA
terminal_reads	8	0.83	ERR10499359.367258	8150	TTTTCTGGGT	ACCCAGAAAA
terminal_reads	8	0.83	ERR10499359.386408	10250	TTTTCTGGGT	ACCCAGAAAA
terminal_reads	8	0.74	ERR10499359.390609	7600	TTTTCTGGGT	ACCCAGAAAA
terminal_reads	8	0.81	ERR10499359.398433	900	TTTTCTGGGT	ACCCAGAAAA
terminal_reads	8	0.79	ERR10499359.406448	5000	TTTTCTGGGT	ACCCAGAAAA
terminal_reads	8	0.82	ERR10499359.422556	2200	TTTTCTGGGT	ACCCAGAAAA
terminal_reads	8	0.77	ERR10499359.425170	7950	TTTTCTGGGT	ACCCAGAAAA
terminal_reads	8	0.88	ERR10499359.426844	5650	TTTTCTGGGT	ACCCAGAAAA
terminal_reads	8	0.71	ERR10499359.430191	2700	TTTTCTGGGT	ACCCAGAAAA
terminal_reads	8	0.72	ERR10499359.445206	9600	TTTTCTGGGT	ACCCAGAAAA
terminal_reads	8	0.84	ERR10499359.468628	1050	TTTTCTGGGT	ACCCAGAAAA
terminal_reads	8	0.75	ERR10499359.479608	4150	TTTTCTGGGT	ACCCAGAAAA
terminal_reads	8	0.75	ERR10499359.499184	4650	TTTTCTGGGT	ACCCAGAAAA
terminal_reads	8	0.8	ERR10499359.503667	3850	TTTTCTGGGT	ACCCAGAAAA
terminal_reads	8	0.79	ERR10499359.505468	2200	TTTTCTGGGT	ACCCAGAAAA
terminal_reads	8	0.8	ERR10499359.571491	7200	TTTTCTGGGT	ACCCAGAAAA
terminal_reads	8	0.77	ERR10499359.577819	5000	TTTTCTGGGT	ACCCAGAAAA
terminal_reads	8	0.84	ERR10499359.585974	11150	TTTTCTGGGT	ACCCAGAAAA
terminal_reads	8	0.74	ERR10499359.611122	11200	TTTTCTGGGT	ACCCAGAAAA
terminal_reads	8	0.76	ERR10499359.644644	5750	TTTTCTGGGT	ACCCAGAAAA
terminal_reads	8	0.8	ERR10499359.665386	2000	TTTTCTGGGT	ACCCAGAAAA
terminal_reads	8	0.83	ERR10499359.678769	11000	TTTTCTGGGT	ACCCAGAAAA
terminal_reads	8	0.77	ERR10499359.743996	8400	TTTTCTGGGT	ACCCAGAAAA
terminal_reads	8	0.73	ERR10499359.747880	9100	TTTTCTGGGT	ACCCAGAAAA
terminal_reads	8	0.76	ERR10499359.750193	4750	TTTTCTGGGT	ACCCAGAAAA
terminal_reads	8	0.83	ERR10499359.768430	6300	TTTTCTGGGT	ACCCAGAAAA
terminal_reads	8	0.85	ERR10499359.780441	6600	TTTTCTGGGT	ACCCAGAAAA
terminal_reads	8	0.82	ERR10499359.795607	11150	TTTTCTGGGT	ACCCAGAAAA
terminal_reads	8	0.73	ERR10499359.803852	8200	TTTTCTGGGT	ACCCAGAAAA
terminal_reads	8	0.76	ERR10499359.829830	1100	TTTTCTGGGT	ACCCAGAAAA
terminal_reads	8	0.76	ERR10499359.831735	11700	TTTTCTGGGT	ACCCAGAAAA
terminal_reads	8	0.8	ERR10499359.837689	4700	TTTTCTGGGT	ACCCAGAAAA
terminal_reads	8	0.73	ERR10499359.886380	5550	TTTTCTGGGT	ACCCAGAAAA
terminal_reads	8	0.79	ERR10499359.893903	7550	TTTTCTGGGT	ACCCAGAAAA
terminal_reads	8	0.75	ERR10499359.900670	3600	TTTTCTGGGT	ACCCAGAAAA
terminal_reads	8	0.8	ERR10499359.905849	7650	TTTTCTGGGT	ACCCAGAAAA
terminal_reads	8	0.77	ERR10499359.905914	4500	TTTTCTGGGT	ACCCAGAAAA
terminal_reads	8	0.82	ERR10499359.920181	5500	TTTTCTGGGT	ACCCAGAAAA
terminal_reads	8	0.72	ERR10499359.927761	3900	TTTTCTGGGT	ACCCAGAAAA
terminal_reads	8	0.77	ERR10499359.936346	12300	TTTTCTGGGT	ACCCAGAAAA
terminal_reads	8	0.87	ERR10499359.936824	4900	TTTTCTGGGT	ACCCAGAAAA
terminal_reads	8	0.86	ERR10499359.937940	5350	TTTTCTGGGT	ACCCAGAAAA
terminal_reads	8	0.79	ERR10499359.942039	3800	TTTTCTGGGT	ACCCAGAAAA
terminal_reads	8	0.75	ERR10499359.945353	5950	TTTTCTGGGT	ACCCAGAAAA
terminal_reads	8	0.78	ERR10499359.949084	7650	TTTTCTGGGT	ACCCAGAAAA
terminal_reads	8	0.79	ERR10499359.968215	2900	TTTTCTGGGT	ACCCAGAAAA
terminal_reads	8	0.72	ERR10499359.982315	9700	TTTTCTGGGT	ACCCAGAAAA
terminal_reads	8	0.72	ERR10499359.986351	7100	TTTTCTGGGT	ACCCAGAAAA
terminal_reads	8	0.75	ERR10499359.993606	4550	TTTTCTGGGT	ACCCAGAAAA
terminal_reads	8	0.85	ERR10499359.1008924	6450	TTTTCTGGGT	ACCCAGAAAA
terminal_reads	8	0.73	ERR10499359.1014508	5800	TTTTCTGGGT	ACCCAGAAAA
terminal_reads	8	0.84	ERR10499359.1016928	4000	TTTTCTGGGT	ACCCAGAAAA
terminal_reads	8	0.8	ERR10499359.1030576	5350	TTTTCTGGGT	ACCCAGAAAA
terminal_reads	8	0.77	ERR10499359.1036692	8050	TTTTCTGGGT	ACCCAGAAAA
terminal_reads	8	0.72	ERR10499359.1045137	8250	TTTTCTGGGT	ACCCAGAAAA
terminal_reads	8	0.74	ERR10499359.1070852	5300	TTTTCTGGGT	ACCCAGAAAA
terminal_reads	8	0.74	ERR10499359.1072261	1100	TTTTCTGGGT	ACCCAGAAAA
terminal_reads	8	0.81	ERR10499359.1108688	5450	TTTTCTGGGT	ACCCAGAAAA
terminal_reads	8	0.73	ERR10499359.1116029	4950	TTTTCTGGGT	ACCCAGAAAA
terminal_reads	8	0.83	ERR10499359.1126573	7750	TTTTCTGGGT	ACCCAGAAAA
terminal_reads	8	0.8	ERR10499359.1129442	8200	TTTTCTGGGT	ACCCAGAAAA
terminal_reads	8	0.75	ERR10499359.1143313	1200	TTTTCTGGGT	ACCCAGAAAA
terminal_reads	8	0.74	ERR10499359.1145980	5000	TTTTCTGGGT	ACCCAGAAAA
terminal_reads	8	0.79	ERR10499359.1150844	2550	TTTTCTGGGT	ACCCAGAAAA
terminal_reads	8	0.82	ERR10499359.1179413	3650	TTTTCTGGGT	ACCCAGAAAA
terminal_reads	8	0.76	ERR10499359.1182403	4600	TTTTCTGGGT	ACCCAGAAAA
terminal_reads	8	0.86	ERR10499359.1182599	11550	TTTTCTGGGT	ACCCAGAAAA
terminal_reads	8	0.77	ERR10499359.1204327	4200	TTTTCTGGGT	ACCCAGAAAA
terminal_reads	8	0.79	ERR10499359.1204533	5700	TTTTCTGGGT	ACCCAGAAAA
terminal_reads	8	0.72	ERR10499359.1213266	3050	TTTTCTGGGT	ACCCAGAAAA
terminal_reads	8	0.75	ERR10499359.1224497	5400	TTTTCTGGGT	ACCCAGAAAA
terminal_reads	8	0.71	ERR10499359.1309233	5400	TTTTCTGGGT	ACCCAGAAAA
terminal_reads	8	0.72	ERR10499359.1313887	7600	TTTTCTGGGT	ACCCAGAAAA
terminal_reads	8	0.74	ERR10499359.1318962	8500	TTTTCTGGGT	ACCCAGAAAA
terminal_reads	8	0.82	ERR10499359.1322641	5950	TTTTCTGGGT	ACCCAGAAAA
terminal_reads	8	0.86	ERR10499359.1373023	8100	TTTTCTGGGT	ACCCAGAAAA
terminal_reads	8	0.73	ERR10499359.1377230	6550	TTTTCTGGGT	ACCCAGAAAA
terminal_reads	8	0.83	ERR10499359.1384247	8850	TTTTCTGGGT	ACCCAGAAAA
terminal_reads	8	0.73	ERR10499359.1386277	11050	TTTTCTGGGT	ACCCAGAAAA
terminal_reads	8	0.76	ERR10499359.1394272	850	TTTTCTGGGT	ACCCAGAAAA
terminal_reads	8	0.78	ERR10499359.1395721	4700	TTTTCTGGGT	ACCCAGAAAA
terminal_reads	8	0.72	ERR10499359.1406551	7500	TTTTCTGGGT	ACCCAGAAAA
terminal_reads	8	0.76	ERR10499359.1414696	3300	TTTTCTGGGT	ACCCAGAAAA
terminal_reads	8	0.86	ERR10499359.1446005	8500	TTTTCTGGGT	ACCCAGAAAA
terminal_reads	8	0.8	ERR10499359.1460838	6400	TTTTCTGGGT	ACCCAGAAAA
terminal_reads	8	0.71	ERR10499359.1475030	1700	TTTTCTGGGT	ACCCAGAAAA
terminal_reads	8	0.82	ERR10499359.1481636	2850	TTTTCTGGGT	ACCCAGAAAA
terminal_reads	8	0.75	ERR10499359.1483109	8150	TTTTCTGGGT	ACCCAGAAAA
terminal_reads	8	0.82	ERR10499359.1493468	8500	TTTTCTGGGT	ACCCAGAAAA
terminal_reads	8	0.72	ERR10499359.1500113	7600	TTTTCTGGGT	ACCCAGAAAA
terminal_reads	8	0.86	ERR10499359.1501887	8950	TTTTCTGGGT	ACCCAGAAAA
terminal_reads	8	0.82	ERR10499359.1516443	3200	TTTTCTGGGT	ACCCAGAAAA
terminal_reads	8	0.72	ERR10499359.1526290	6800	TTTTCTGGGT	ACCCAGAAAA
terminal_reads	8	0.77	ERR10499359.1530829	13000	TTTTCTGGGT	ACCCAGAAAA
terminal_reads	8	0.81	ERR10499359.1542890	2200	TTTTCTGGGT	ACCCAGAAAA
terminal_reads	8	0.77	ERR10499359.1556707	7200	TTTTCTGGGT	ACCCAGAAAA
terminal_reads	8	0.76	ERR10499359.1573339	7250	TTTTCTGGGT	ACCCAGAAAA
terminal_reads	8	0.77	ERR10499359.1603489	1100	TTTTCTGGGT	ACCCAGAAAA
terminal_reads	8	0.79	ERR10499359.1608281	4400	TTTTCTGGGT	ACCCAGAAAA
terminal_reads	8	0.77	ERR10499359.1624137	3600	TTTTCTGGGT	ACCCAGAAAA
terminal_reads	8	0.75	ERR10499359.1624621	900	TTTTCTGGGT	ACCCAGAAAA
terminal_reads	8	0.85	ERR10499359.1630541	6700	TTTTCTGGGT	ACCCAGAAAA
terminal_reads	8	0.86	ERR10499359.1653145	1800	TTTTCTGGGT	ACCCAGAAAA
terminal_reads	8	0.75	ERR10499359.1666951	6850	TTTTCTGGGT	ACCCAGAAAA
terminal_reads	8	0.73	ERR10499359.1669069	6800	TTTTCTGGGT	ACCCAGAAAA
terminal_reads	8	0.81	ERR10499359.1678731	900	TTTTCTGGGT	ACCCAGAAAA
terminal_reads	8	0.74	ERR10499359.1679364	8800	TTTTCTGGGT	ACCCAGAAAA
terminal_reads	8	0.76	ERR10499359.1726498	6050	TTTTCTGGGT	ACCCAGAAAA
terminal_reads	8	0.73	ERR10499359.1745780	5550	TTTTCTGGGT	ACCCAGAAAA
terminal_reads	8	0.71	ERR10499359.1751727	6750	TTTTCTGGGT	ACCCAGAAAA
terminal_reads	8	0.73	ERR10499359.1808138	3600	TTTTCTGGGT	ACCCAGAAAA
terminal_reads	8	0.76	ERR10499359.1850581	4100	TTTTCTGGGT	ACCCAGAAAA
terminal_reads	8	0.79	ERR10499359.1852753	2600	TTTTCTGGGT	ACCCAGAAAA
terminal_reads	8	0.71	ERR10499359.1862212	6950	TTTTCTGGGT	ACCCAGAAAA
terminal_reads	8	0.76	ERR10499359.1879630	4150	TTTTCTGGGT	ACCCAGAAAA
terminal_reads	8	0.73	ERR10499359.1927643	5000	TTTTCTGGGT	ACCCAGAAAA
terminal_reads	8	0.83	ERR10499359.1935092	1500	TTTTCTGGGT	ACCCAGAAAA
terminal_reads	8	0.71	ERR10499359.1944896	4100	TTTTCTGGGT	ACCCAGAAAA
terminal_reads	8	0.79	ERR10499359.1953926	11850	TTTTCTGGGT	ACCCAGAAAA
terminal_reads	8	0.72	ERR10499359.1959565	7900	TTTTCTGGGT	ACCCAGAAAA
terminal_reads	8	0.73	ERR10499359.1960252	3650	TTTTCTGGGT	ACCCAGAAAA
terminal_reads	8	0.74	ERR10499359.1977661	2800	TTTTCTGGGT	ACCCAGAAAA
terminal_reads	8	0.74	ERR10499359.1982744	5250	TTTTCTGGGT	ACCCAGAAAA
terminal_reads	8	0.71	ERR10499359.1990796	1650	TTTTCTGGGT	ACCCAGAAAA
terminal_reads	8	0.77	ERR10499359.1998159	3900	TTTTCTGGGT	ACCCAGAAAA
terminal_reads	8	0.71	ERR10499359.2002542	9350	TTTTCTGGGT	ACCCAGAAAA
terminal_reads	8	0.82	ERR10499359.2010527	10350	TTTTCTGGGT	ACCCAGAAAA
terminal_reads	8	0.79	ERR10499359.2011380	1550	TTTTCTGGGT	ACCCAGAAAA
terminal_reads	8	0.74	ERR10499359.2024090	3400	TTTTCTGGGT	ACCCAGAAAA
terminal_reads	8	0.8	ERR10499359.2041018	1250	TTTTCTGGGT	ACCCAGAAAA
terminal_reads	8	0.75	ERR10499359.2048349	3250	TTTTCTGGGT	ACCCAGAAAA
terminal_reads	8	0.72	ERR10499359.2054763	900	TTTTCTGGGT	ACCCAGAAAA
terminal_reads	8	0.86	ERR10499359.2063733	5350	TTTTCTGGGT	ACCCAGAAAA
terminal_reads	8	0.71	ERR10499359.2064049	5650	TTTTCTGGGT	ACCCAGAAAA
terminal_reads	8	0.71	ERR10499359.2068914	1950	TTTTCTGGGT	ACCCAGAAAA
terminal_reads	8	0.71	ERR10499359.2076273	4300	TTTTCTGGGT	ACCCAGAAAA
terminal_reads	8	0.71	ERR10499359.2077057	3450	TTTTCTGGGT	ACCCAGAAAA
terminal_reads	8	0.85	ERR10499359.2078033	5950	TTTTCTGGGT	ACCCAGAAAA
terminal_reads	8	0.74	ERR10499359.2085302	3400	TTTTCTGGGT	ACCCAGAAAA
terminal_reads	8	0.77	ERR10499359.2085328	9100	TTTTCTGGGT	ACCCAGAAAA
terminal_reads	8	0.77	ERR10499359.2090391	9700	TTTTCTGGGT	ACCCAGAAAA
terminal_reads	8	0.75	ERR10499359.2098474	8150	TTTTCTGGGT	ACCCAGAAAA
terminal_reads	8	0.84	ERR10499359.2107271	10150	TTTTCTGGGT	ACCCAGAAAA
terminal_reads	8	0.75	ERR10499359.2114685	8750	TTTTCTGGGT	ACCCAGAAAA
terminal_reads	8	0.75	ERR10499359.2132692	8000	TTTTCTGGGT	ACCCAGAAAA
terminal_reads	8	0.82	ERR10499359.2159259	6750	TTTTCTGGGT	ACCCAGAAAA
terminal_reads	8	0.76	ERR10499359.2167983	4100	TTTTCTGGGT	ACCCAGAAAA
terminal_reads	8	0.76	ERR10499359.2174571	4500	TTTTCTGGGT	ACCCAGAAAA
terminal_reads	8	0.78	ERR10499359.2177731	3250	TTTTCTGGGT	ACCCAGAAAA
terminal_reads	8	0.81	ERR10499359.2183691	8000	TTTTCTGGGT	ACCCAGAAAA
terminal_reads	8	0.81	ERR10499359.2185911	3350	TTTTCTGGGT	ACCCAGAAAA
terminal_reads	8	0.75	ERR10499359.2190493	1100	TTTTCTGGGT	ACCCAGAAAA
terminal_reads	8	0.86	ERR10499359.2192514	8050	TTTTCTGGGT	ACCCAGAAAA
terminal_reads	8	0.8	ERR10499359.2205070	3750	TTTTCTGGGT	ACCCAGAAAA
terminal_reads	8	0.75	ERR10499359.2208271	2400	TTTTCTGGGT	ACCCAGAAAA
terminal_reads	8	0.73	ERR10499359.2225631	5100	TTTTCTGGGT	ACCCAGAAAA
terminal_reads	8	0.78	ERR10499359.2232678	5850	TTTTCTGGGT	ACCCAGAAAA
terminal_reads	8	0.71	ERR10499359.2286036	3300	TTTTCTGGGT	ACCCAGAAAA
terminal_reads	8	0.84	ERR10499359.2300609	5150	TTTTCTGGGT	ACCCAGAAAA
terminal_reads	8	0.84	ERR10499359.2309289	11000	TTTTCTGGGT	ACCCAGAAAA
terminal_reads	8	0.88	ERR10499359.2326421	8600	TTTTCTGGGT	ACCCAGAAAA
terminal_reads	8	0.84	ERR10499359.2329780	6000	TTTTCTGGGT	ACCCAGAAAA
terminal_reads	8	0.75	ERR10499359.2330772	9000	TTTTCTGGGT	ACCCAGAAAA
terminal_reads	8	0.85	ERR10499359.2345464	7000	TTTTCTGGGT	ACCCAGAAAA
terminal_reads	8	0.71	ERR10499359.2372607	8750	TTTTCTGGGT	ACCCAGAAAA
terminal_reads	8	0.76	ERR10499359.2422487	7550	TTTTCTGGGT	ACCCAGAAAA
terminal_reads	8	0.73	ERR10499359.2431602	6950	TTTTCTGGGT	ACCCAGAAAA
terminal_reads	8	0.74	ERR10499359.2448190	4650	TTTTCTGGGT	ACCCAGAAAA
terminal_reads	8	0.72	ERR10499359.2459209	3150	TTTTCTGGGT	ACCCAGAAAA
terminal_reads	8	0.76	ERR10499359.2481958	3300	TTTTCTGGGT	ACCCAGAAAA
terminal_reads	8	0.79	ERR10499359.2496589	7600	TTTTCTGGGT	ACCCAGAAAA
terminal_reads	8	0.74	ERR10499359.2498393	5550	TTTTCTGGGT	ACCCAGAAAA
terminal_reads	8	0.76	ERR10499359.2525420	6100	TTTTCTGGGT	ACCCAGAAAA
terminal_reads	8	0.85	ERR10499359.2537155	8150	TTTTCTGGGT	ACCCAGAAAA
terminal_reads	8	0.81	ERR10499359.2537752	9800	TTTTCTGGGT	ACCCAGAAAA
terminal_reads	8	0.73	ERR10499359.2548537	8900	TTTTCTGGGT	ACCCAGAAAA
terminal_reads	8	0.76	ERR10499359.2564300	10600	TTTTCTGGGT	ACCCAGAAAA
terminal_reads	8	0.77	ERR10499359.2581393	6250	TTTTCTGGGT	ACCCAGAAAA
terminal_reads	8	0.76	ERR10499359.2592344	4850	TTTTCTGGGT	ACCCAGAAAA
terminal_reads	8	0.75	ERR10499359.2623204	1950	TTTTCTGGGT	ACCCAGAAAA
terminal_reads	8	0.76	ERR10499359.2630710	7600	TTTTCTGGGT	ACCCAGAAAA
terminal_reads	9	0.715	ERR10499359.1542890	705	CAAAACCCAGA	TCTGGGTTTTG
terminal_reads	8	0.74	ERR10499359.129235	5300	TCTGTTTTTT	AAAAAACAGA
terminal_reads	8	0.72	ERR10499359.768430	6350	TCTGTTTTTT	AAAAAACAGA
terminal_reads	8	0.8	ERR10499359.905849	7650	TCTGTTTTTT	AAAAAACAGA
terminal_reads	8	0.72	ERR10499359.986351	5450	TCTGTTTTTT	AAAAAACAGA
terminal_reads	8	0.73	ERR10499359.1116029	5500	TCTGTTTTTT	AAAAAACAGA
terminal_reads	8	0.71	ERR10499359.1313887	7600	TCTGTTTTTT	AAAAAACAGA
terminal_reads	8	0.73	ERR10499359.1669069	6800	TCTGTTTTTT	AAAAAACAGA
terminal_reads	8	0.71	ERR10499359.1944896	4050	TCTGTTTTTT	AAAAAACAGA
terminal_reads	8	0.73	ERR10499359.1960252	3850	TCTGTTTTTT	AAAAAACAGA
terminal_reads	8	0.71	ERR10499359.2372607	8700	TCTGTTTTTT	AAAAAACAGA
terminal_reads	8	0.73	ERR10499359.2431602	6950	TCTGTTTTTT	AAAAAACAGA
terminal_reads	10	0.708	ERR10499359.14456	7120	GGGTTTTTTTCT	AGAAAAAAACCC
terminal_reads	10	0.732	ERR10499359.67729	4660	GGGTTTTTTTCT	AGAAAAAAACCC
terminal_reads	10	0.852	ERR10499359.129235	4720	GGGTTTTTTTCT	AGAAAAAAACCC
terminal_reads	10	0.732	ERR10499359.169015	9160	GGGTTTTTTTCT	AGAAAAAAACCC
terminal_reads	10	0.72	ERR10499359.239332	2200	GGGTTTTTTTCT	AGAAAAAAACCC
terminal_reads	10	0.708	ERR10499359.380180	6040	GGGTTTTTTTCT	AGAAAAAAACCC
terminal_reads	10	0.72	ERR10499359.390609	7600	GGGTTTTTTTCT	AGAAAAAAACCC
terminal_reads	10	0.744	ERR10499359.499184	4660	GGGTTTTTTTCT	AGAAAAAAACCC
terminal_reads	10	0.756	ERR10499359.644197	3160	GGGTTTTTTTCT	AGAAAAAAACCC
terminal_reads	10	0.744	ERR10499359.666302	4840	GGGTTTTTTTCT	AGAAAAAAACCC
terminal_reads	10	0.804	ERR10499359.768430	6280	GGGTTTTTTTCT	AGAAAAAAACCC
terminal_reads	10	0.732	ERR10499359.858814	4480	GGGTTTTTTTCT	AGAAAAAAACCC
terminal_reads	10	0.768	ERR10499359.868860	8200	GGGTTTTTTTCT	AGAAAAAAACCC
terminal_reads	10	0.912	ERR10499359.905849	7660	GGGTTTTTTTCT	AGAAAAAAACCC
terminal_reads	10	0.744	ERR10499359.986351	5800	GGGTTTTTTTCT	AGAAAAAAACCC
terminal_reads	10	0.744	ERR10499359.993606	4540	GGGTTTTTTTCT	AGAAAAAAACCC
terminal_reads	10	0.708	ERR10499359.1051792	5560	GGGTTTTTTTCT	AGAAAAAAACCC
terminal_reads	10	0.732	ERR10499359.1100175	9280	GGGTTTTTTTCT	AGAAAAAAACCC
terminal_reads	10	0.744	ERR10499359.1116029	4900	GGGTTTTTTTCT	AGAAAAAAACCC
terminal_reads	10	0.756	ERR10499359.1159672	4180	GGGTTTTTTTCT	AGAAAAAAACCC
terminal_reads	10	0.816	ERR10499359.1204327	4180	GGGTTTTTTTCT	AGAAAAAAACCC
terminal_reads	10	0.732	ERR10499359.1313887	7060	GGGTTTTTTTCT	AGAAAAAAACCC
terminal_reads	10	0.804	ERR10499359.1394671	4000	GGGTTTTTTTCT	AGAAAAAAACCC
terminal_reads	10	0.72	ERR10499359.1409106	7900	GGGTTTTTTTCT	AGAAAAAAACCC
terminal_reads	10	0.708	ERR10499359.1483109	7600	GGGTTTTTTTCT	AGAAAAAAACCC
terminal_reads	10	0.72	ERR10499359.1487703	2200	GGGTTTTTTTCT	AGAAAAAAACCC
terminal_reads	10	0.792	ERR10499359.1490755	3160	GGGTTTTTTTCT	AGAAAAAAACCC
terminal_reads	10	0.768	ERR10499359.1593681	5680	GGGTTTTTTTCT	AGAAAAAAACCC
terminal_reads	10	0.828	ERR10499359.1669069	6760	GGGTTTTTTTCT	AGAAAAAAACCC
terminal_reads	10	0.744	ERR10499359.1678165	6160	GGGTTTTTTTCT	AGAAAAAAACCC
terminal_reads	10	0.744	ERR10499359.1685568	4120	GGGTTTTTTTCT	AGAAAAAAACCC
terminal_reads	10	0.78	ERR10499359.1944896	4060	GGGTTTTTTTCT	AGAAAAAAACCC
terminal_reads	10	0.828	ERR10499359.1960252	3640	GGGTTTTTTTCT	AGAAAAAAACCC
terminal_reads	10	0.744	ERR10499359.1978084	3340	GGGTTTTTTTCT	AGAAAAAAACCC
terminal_reads	10	0.72	ERR10499359.2107271	8500	GGGTTTTTTTCT	AGAAAAAAACCC
terminal_reads	10	0.732	ERR10499359.2137453	7720	GGGTTTTTTTCT	AGAAAAAAACCC
terminal_reads	10	0.708	ERR10499359.2159259	6520	GGGTTTTTTTCT	AGAAAAAAACCC
terminal_reads	10	0.744	ERR10499359.2203848	4300	GGGTTTTTTTCT	AGAAAAAAACCC
terminal_reads	10	0.732	ERR10499359.2256914	6040	GGGTTTTTTTCT	AGAAAAAAACCC
terminal_reads	10	0.732	ERR10499359.2259812	1840	GGGTTTTTTTCT	AGAAAAAAACCC
terminal_reads	10	0.804	ERR10499359.2286036	3280	GGGTTTTTTTCT	AGAAAAAAACCC
terminal_reads	10	0.708	ERR10499359.2329780	5980	GGGTTTTTTTCT	AGAAAAAAACCC
terminal_reads	10	0.72	ERR10499359.2349382	3100	GGGTTTTTTTCT	AGAAAAAAACCC
terminal_reads	10	0.756	ERR10499359.2372607	8740	GGGTTTTTTTCT	AGAAAAAAACCC
terminal_reads	10	0.732	ERR10499359.2413279	5380	GGGTTTTTTTCT	AGAAAAAAACCC
terminal_reads	10	0.732	ERR10499359.2422487	7540	GGGTTTTTTTCT	AGAAAAAAACCC
terminal_reads	10	0.852	ERR10499359.2431602	6940	GGGTTTTTTTCT	AGAAAAAAACCC
terminal_reads	10	0.732	ERR10499359.2584654	7600	GGGTTTTTTTCT	AGAAAAAAACCC
terminal_reads	10	0.744	ERR10499359.2630710	7600	GGGTTTTTTTCT	AGAAAAAAACCC
terminal_reads	3	0.74	ERR10499359.129235	5250	ACAAA	TTTGT
terminal_reads	3	0.705	ERR10499359.768430	6350	ACAAA	TTTGT
terminal_reads	3	0.785	ERR10499359.905849	8125	ACAAA	TTTGT
terminal_reads	3	0.715	ERR10499359.1394671	4550	ACAAA	TTTGT
terminal_reads	3	0.715	ERR10499359.1669069	7225	ACAAA	TTTGT
terminal_reads	3	0.715	ERR10499359.1960252	3975	ACAAA	TTTGT
terminal_reads	3	0.71	ERR10499359.2372607	8800	ACAAA	TTTGT
terminal_reads	3	0.725	ERR10499359.2431602	7425	ACAAA	TTTGT
terminal_reads	10	0.792	ERR10499359.101250	1660	TGTCTGGGTTTT	AAAACCCAGACA
terminal_reads	10	0.708	ERR10499359.173824	1060	TGTCTGGGTTTT	AAAACCCAGACA
terminal_reads	10	0.804	ERR10499359.768430	6280	TGTCTGGGTTTT	AAAACCCAGACA
terminal_reads	10	0.792	ERR10499359.780441	6640	TGTCTGGGTTTT	AAAACCCAGACA
terminal_reads	10	0.732	ERR10499359.905849	7780	TGTCTGGGTTTT	AAAACCCAGACA
terminal_reads	10	0.708	ERR10499359.920181	5500	TGTCTGGGTTTT	AAAACCCAGACA
terminal_reads	10	0.708	ERR10499359.1653145	1600	TGTCTGGGTTTT	AAAACCCAGACA
terminal_reads	10	0.78	ERR10499359.2011380	1480	TGTCTGGGTTTT	AAAACCCAGACA
terminal_reads	10	0.708	ERR10499359.2329780	5980	TGTCTGGGTTTT	AAAACCCAGACA
terminal_reads	10	0.708	ERR10499359.1014915	1060	AAACCCCAGAAA	TTTCTGGGGTTT
terminal_reads	10	0.732	ERR10499359.1542890	9040	AAATAACCCAGA	TCTGGGTTATTT
terminal_reads	10	0.72	ERR10499359.1836190	1420	AAATAACCCAGA	TCTGGGTTATTT
terminal_reads	7	0.72	ERR10499359.905849	7660	TTTTTCTGT	ACAGAAAAA
terminal_reads	10	0.708	ERR10499359.1014915	1060	ACCTCAGAAAAA	TTTTTCTGAGGT
terminal_reads	8	0.77	ERR10499359.56966	3600	CAAACCCAGA	TCTGGGTTTG
terminal_reads	8	0.81	ERR10499359.400291	7150	CAAACCCAGA	TCTGGGTTTG
terminal_reads	8	0.72	ERR10499359.1014915	1050	CAAACCCAGA	TCTGGGTTTG
terminal_reads	8	0.72	ERR10499359.1100175	5400	CAAACCCAGA	TCTGGGTTTG
terminal_reads	8	0.83	ERR10499359.1542890	3850	CAAACCCAGA	TCTGGGTTTG
terminal_reads	8	0.82	ERR10499359.1836190	1450	CAAACCCAGA	TCTGGGTTTG
terminal_reads	3	0.74	ERR10499359.129235	6525	TTAAA	TTTAA
terminal_reads	3	0.705	ERR10499359.768430	6325	TTAAA	TTTAA
terminal_reads	3	0.785	ERR10499359.905849	9625	TTAAA	TTTAA
terminal_reads	3	0.715	ERR10499359.1394671	10950	TTAAA	TTTAA
terminal_reads	3	0.715	ERR10499359.1669069	8750	TTAAA	TTTAA
terminal_reads	3	0.715	ERR10499359.1960252	8875	TTAAA	TTTAA
terminal_reads	3	0.71	ERR10499359.2372607	10550	TTAAA	TTTAA
terminal_reads	3	0.725	ERR10499359.2431602	8950	TTAAA	TTTAA
terminal_reads	7	0.729	ERR10499359.400291	2935	CCCAGAAAA	TTTTCTGGG
terminal_reads	7	0.747	ERR10499359.1542890	8875	CCCAGAAAA	TTTTCTGGG
terminal_reads	7	0.756	ERR10499359.1836190	1450	CCCAGAAAA	TTTTCTGGG
terminal_reads	10	0.804	ERR10499359.101250	1660	TATGTCTGGGTT	AACCCAGACATA
terminal_reads	10	0.708	ERR10499359.173824	1120	TATGTCTGGGTT	AACCCAGACATA
terminal_reads	10	0.744	ERR10499359.300628	1060	TATGTCTGGGTT	AACCCAGACATA
terminal_reads	10	0.792	ERR10499359.780441	6640	TATGTCTGGGTT	AACCCAGACATA
terminal_reads	10	0.708	ERR10499359.920181	5560	TATGTCTGGGTT	AACCCAGACATA
terminal_reads	10	0.708	ERR10499359.1653145	1540	TATGTCTGGGTT	AACCCAGACATA
terminal_reads	10	0.78	ERR10499359.2011380	1480	TATGTCTGGGTT	AACCCAGACATA
terminal_reads	8	0.77	ERR10499359.56966	3550	ATAACCCAGA	TCTGGGTTAT
terminal_reads	8	0.81	ERR10499359.400291	7150	ATAACCCAGA	TCTGGGTTAT
terminal_reads	8	0.72	ERR10499359.1014915	1050	ATAACCCAGA	TCTGGGTTAT
terminal_reads	8	0.72	ERR10499359.1100175	5400	ATAACCCAGA	TCTGGGTTAT
terminal_reads	8	0.83	ERR10499359.1542890	3850	ATAACCCAGA	TCTGGGTTAT
terminal_reads	8	0.82	ERR10499359.1836190	1450	ATAACCCAGA	TCTGGGTTAT
terminal_reads	10	0.768	ERR10499359.1542890	2740	TAACCCCAGACA	TGTCTGGGGTTA
terminal_reads	10	0.744	ERR10499359.1836190	1420	TAACCCCAGACA	TGTCTGGGGTTA
terminal_reads	10	0.768	ERR10499359.1542890	1240	CAATAACCCAGA	TCTGGGTTATTG
terminal_reads	10	0.72	ERR10499359.1836190	1420	CAATAACCCAGA	TCTGGGTTATTG
terminal_reads	8	0.74	ERR10499359.129235	5250	GAGTTTTTCT	AGAAAAACTC
terminal_reads	8	0.72	ERR10499359.768430	6350	GAGTTTTTCT	AGAAAAACTC
terminal_reads	8	0.8	ERR10499359.905849	8100	GAGTTTTTCT	AGAAAAACTC
terminal_reads	8	0.72	ERR10499359.986351	5450	GAGTTTTTCT	AGAAAAACTC
terminal_reads	8	0.73	ERR10499359.1116029	5450	GAGTTTTTCT	AGAAAAACTC
terminal_reads	8	0.71	ERR10499359.1313887	7600	GAGTTTTTCT	AGAAAAACTC
terminal_reads	8	0.73	ERR10499359.1669069	7200	GAGTTTTTCT	AGAAAAACTC
terminal_reads	8	0.71	ERR10499359.1944896	4050	GAGTTTTTCT	AGAAAAACTC
terminal_reads	8	0.73	ERR10499359.1960252	3600	GAGTTTTTCT	AGAAAAACTC
terminal_reads	8	0.71	ERR10499359.2372607	8750	GAGTTTTTCT	AGAAAAACTC
terminal_reads	8	0.73	ERR10499359.2431602	7400	GAGTTTTTCT	AGAAAAACTC
terminal_reads	10	0.732	ERR10499359.1542890	3520	CAGAACATAACC	GGTTATGTTCTG
terminal_reads	10	0.72	ERR10499359.1836190	1420	CAGAACATAACC	GGTTATGTTCTG
terminal_reads	9	0.726	ERR10499359.768430	1310	TGGGTTTATTC	GAATAAACCCA
terminal_reads	10	0.708	ERR10499359.1014915	1060	ACCACAGAAAAA	TTTTTCTGTGGT
terminal_reads	8	0.71	ERR10499359.129235	4700	ATTTTCTGGT	ACCAGAAAAT
terminal_reads	8	0.79	ERR10499359.905849	7650	ATTTTCTGGT	ACCAGAAAAT
terminal_reads	8	0.71	ERR10499359.1116029	4900	ATTTTCTGGT	ACCAGAAAAT
terminal_reads	8	0.72	ERR10499359.1669069	6800	ATTTTCTGGT	ACCAGAAAAT
terminal_reads	8	0.73	ERR10499359.1960252	3600	ATTTTCTGGT	ACCAGAAAAT
terminal_reads	8	0.71	ERR10499359.2286036	3250	ATTTTCTGGT	ACCAGAAAAT
terminal_reads	8	0.71	ERR10499359.2372607	8650	ATTTTCTGGT	ACCAGAAAAT
terminal_reads	8	0.72	ERR10499359.2431602	6950	ATTTTCTGGT	ACCAGAAAAT
terminal_reads	10	0.708	ERR10499359.14456	7000	TTTCTCTGGTTT	AAACCAGAGAAA
terminal_reads	10	0.744	ERR10499359.67729	4360	TTTCTCTGGTTT	AAACCAGAGAAA
terminal_reads	10	0.852	ERR10499359.129235	2620	TTTCTCTGGTTT	AAACCAGAGAAA
terminal_reads	10	0.756	ERR10499359.169015	6820	TTTCTCTGGTTT	AAACCAGAGAAA
terminal_reads	10	0.72	ERR10499359.239667	9160	TTTCTCTGGTTT	AAACCAGAGAAA
terminal_reads	10	0.72	ERR10499359.390609	7600	TTTCTCTGGTTT	AAACCAGAGAAA
terminal_reads	10	0.708	ERR10499359.445206	5620	TTTCTCTGGTTT	AAACCAGAGAAA
terminal_reads	10	0.756	ERR10499359.499184	4540	TTTCTCTGGTTT	AAACCAGAGAAA
terminal_reads	10	0.732	ERR10499359.644197	2920	TTTCTCTGGTTT	AAACCAGAGAAA
terminal_reads	10	0.756	ERR10499359.666302	4900	TTTCTCTGGTTT	AAACCAGAGAAA
terminal_reads	10	0.816	ERR10499359.768430	6100	TTTCTCTGGTTT	AAACCAGAGAAA
terminal_reads	10	0.732	ERR10499359.858814	4480	TTTCTCTGGTTT	AAACCAGAGAAA
terminal_reads	10	0.756	ERR10499359.868860	8140	TTTCTCTGGTTT	AAACCAGAGAAA
terminal_reads	10	0.864	ERR10499359.905849	7660	TTTCTCTGGTTT	AAACCAGAGAAA
terminal_reads	10	0.768	ERR10499359.986351	5140	TTTCTCTGGTTT	AAACCAGAGAAA
terminal_reads	10	0.768	ERR10499359.993606	4540	TTTCTCTGGTTT	AAACCAGAGAAA
terminal_reads	10	0.72	ERR10499359.1051792	4900	TTTCTCTGGTTT	AAACCAGAGAAA
terminal_reads	10	0.732	ERR10499359.1100175	5200	TTTCTCTGGTTT	AAACCAGAGAAA
terminal_reads	10	0.708	ERR10499359.1116029	4900	TTTCTCTGGTTT	AAACCAGAGAAA
terminal_reads	10	0.708	ERR10499359.1129442	8140	TTTCTCTGGTTT	AAACCAGAGAAA
terminal_reads	10	0.768	ERR10499359.1159672	2080	TTTCTCTGGTTT	AAACCAGAGAAA
terminal_reads	10	0.828	ERR10499359.1204327	3940	TTTCTCTGGTTT	AAACCAGAGAAA
terminal_reads	10	0.708	ERR10499359.1394671	4240	TTTCTCTGGTTT	AAACCAGAGAAA
terminal_reads	10	0.708	ERR10499359.1483109	8200	TTTCTCTGGTTT	AAACCAGAGAAA
terminal_reads	10	0.768	ERR10499359.1490755	3160	TTTCTCTGGTTT	AAACCAGAGAAA
terminal_reads	10	0.78	ERR10499359.1593681	5800	TTTCTCTGGTTT	AAACCAGAGAAA
terminal_reads	10	0.816	ERR10499359.1669069	6760	TTTCTCTGGTTT	AAACCAGAGAAA
terminal_reads	10	0.78	ERR10499359.1944896	3940	TTTCTCTGGTTT	AAACCAGAGAAA
terminal_reads	10	0.804	ERR10499359.1960252	3400	TTTCTCTGGTTT	AAACCAGAGAAA
terminal_reads	10	0.732	ERR10499359.1978084	5140	TTTCTCTGGTTT	AAACCAGAGAAA
terminal_reads	10	0.708	ERR10499359.2107271	9640	TTTCTCTGGTTT	AAACCAGAGAAA
terminal_reads	10	0.744	ERR10499359.2137453	7780	TTTCTCTGGTTT	AAACCAGAGAAA
terminal_reads	10	0.708	ERR10499359.2159259	6760	TTTCTCTGGTTT	AAACCAGAGAAA
terminal_reads	10	0.708	ERR10499359.2200431	5980	TTTCTCTGGTTT	AAACCAGAGAAA
terminal_reads	10	0.756	ERR10499359.2203848	2260	TTTCTCTGGTTT	AAACCAGAGAAA
terminal_reads	10	0.756	ERR10499359.2256914	6580	TTTCTCTGGTTT	AAACCAGAGAAA
terminal_reads	10	0.744	ERR10499359.2259812	1720	TTTCTCTGGTTT	AAACCAGAGAAA
terminal_reads	10	0.768	ERR10499359.2286036	3040	TTTCTCTGGTTT	AAACCAGAGAAA
terminal_reads	10	0.72	ERR10499359.2309290	6040	TTTCTCTGGTTT	AAACCAGAGAAA
terminal_reads	10	0.708	ERR10499359.2329780	5800	TTTCTCTGGTTT	AAACCAGAGAAA
terminal_reads	10	0.72	ERR10499359.2349382	3100	TTTCTCTGGTTT	AAACCAGAGAAA
terminal_reads	10	0.732	ERR10499359.2413279	5380	TTTCTCTGGTTT	AAACCAGAGAAA
terminal_reads	10	0.744	ERR10499359.2422487	7540	TTTCTCTGGTTT	AAACCAGAGAAA
terminal_reads	10	0.816	ERR10499359.2431602	6940	TTTCTCTGGTTT	AAACCAGAGAAA
terminal_reads	10	0.72	ERR10499359.2484709	5860	TTTCTCTGGTTT	AAACCAGAGAAA
terminal_reads	10	0.708	ERR10499359.2556158	4300	TTTCTCTGGTTT	AAACCAGAGAAA
terminal_reads	10	0.744	ERR10499359.2630710	7540	TTTCTCTGGTTT	AAACCAGAGAAA
terminal_reads	9	0.781	ERR10499359.129235	4720	TCAGGGTTTTT	AAAAACCCTGA
terminal_reads	9	0.748	ERR10499359.768430	6205	TCAGGGTTTTT	AAAAACCCTGA
terminal_reads	9	0.792	ERR10499359.905849	7635	TCAGGGTTTTT	AAAAACCCTGA
terminal_reads	9	0.704	ERR10499359.986351	5765	TCAGGGTTTTT	AAAAACCCTGA
terminal_reads	9	0.704	ERR10499359.993606	4555	TCAGGGTTTTT	AAAAACCCTGA
terminal_reads	9	0.704	ERR10499359.1159672	4170	TCAGGGTTTTT	AAAAACCCTGA
terminal_reads	9	0.759	ERR10499359.1204327	4225	TCAGGGTTTTT	AAAAACCCTGA
terminal_reads	9	0.704	ERR10499359.1490755	3180	TCAGGGTTTTT	AAAAACCCTGA
terminal_reads	9	0.715	ERR10499359.1593681	5655	TCAGGGTTTTT	AAAAACCCTGA
terminal_reads	9	0.748	ERR10499359.1669069	6755	TCAGGGTTTTT	AAAAACCCTGA
terminal_reads	9	0.715	ERR10499359.1944896	4060	TCAGGGTTTTT	AAAAACCCTGA
terminal_reads	9	0.737	ERR10499359.1960252	3620	TCAGGGTTTTT	AAAAACCCTGA
terminal_reads	9	0.704	ERR10499359.2203848	4335	TCAGGGTTTTT	AAAAACCCTGA
terminal_reads	9	0.704	ERR10499359.2286036	3290	TCAGGGTTTTT	AAAAACCCTGA
terminal_reads	9	0.748	ERR10499359.2431602	6975	TCAGGGTTTTT	AAAAACCCTGA
terminal_reads	9	0.737	ERR10499359.101250	1640	TCGGGGTTATG	CATAACCCCGA
terminal_reads	9	0.715	ERR10499359.2011380	1475	TCGGGGTTATG	CATAACCCCGA
terminal_reads	7	0.72	ERR10499359.905849	7660	TGGTTTTTT	AAAAAACCA
terminal_reads	3	0.74	ERR10499359.129235	5250	AGTTT	AAACT
terminal_reads	3	0.705	ERR10499359.768430	6325	AGTTT	AAACT
terminal_reads	3	0.785	ERR10499359.905849	8200	AGTTT	AAACT
terminal_reads	3	0.715	ERR10499359.1394671	4650	AGTTT	AAACT
terminal_reads	3	0.715	ERR10499359.1669069	7325	AGTTT	AAACT
terminal_reads	3	0.715	ERR10499359.1960252	4000	AGTTT	AAACT
terminal_reads	3	0.71	ERR10499359.2372607	8775	AGTTT	AAACT
terminal_reads	3	0.725	ERR10499359.2431602	7500	AGTTT	AAACT
terminal_reads	3	0.74	ERR10499359.129235	5275	TTTTC	GAAAA
terminal_reads	3	0.705	ERR10499359.768430	6350	TTTTC	GAAAA
terminal_reads	3	0.785	ERR10499359.905849	7650	TTTTC	GAAAA
terminal_reads	3	0.715	ERR10499359.1394671	4625	TTTTC	GAAAA
terminal_reads	3	0.715	ERR10499359.1669069	6775	TTTTC	GAAAA
terminal_reads	3	0.715	ERR10499359.1960252	4025	TTTTC	GAAAA
terminal_reads	3	0.71	ERR10499359.2372607	8825	TTTTC	GAAAA
terminal_reads	3	0.725	ERR10499359.2431602	6950	TTTTC	GAAAA
terminal_reads	3	0.74	ERR10499359.129235	5250	ATAAA	TTTAT
terminal_reads	3	0.705	ERR10499359.768430	6325	ATAAA	TTTAT
terminal_reads	3	0.785	ERR10499359.905849	8225	ATAAA	TTTAT
terminal_reads	3	0.715	ERR10499359.1394671	4675	ATAAA	TTTAT
terminal_reads	3	0.715	ERR10499359.1669069	7350	ATAAA	TTTAT
terminal_reads	3	0.715	ERR10499359.1960252	4050	ATAAA	TTTAT
terminal_reads	3	0.71	ERR10499359.2372607	10525	ATAAA	TTTAT
terminal_reads	3	0.725	ERR10499359.2431602	7525	ATAAA	TTTAT
